icao24,callsign,origin_country,time_position,last_contact,longitude,latitude,baro_altitude,on_ground,velocity,heading,vertical_rate,sensors,geo_altitude,squawk,spi,position_source,collected_at
8015f7,AIC101  ,India,1790370566,1790370566,51.7977,26.2566,11582.4,False,229.85,295.88,0.0,,12275.82,4730,False,0,2026-09-25 21:09:41.923859
8960ee,UAE752  ,United Arab Emirates,1790370560,1790370564,53.1458,26.0627,9090.66,False,256.98,111.74,-7.48,,9669.78,3735,False,0,2026-09-25 21:09:41.923859
8960fa,UAE801  ,United Arab Emirates,1790370554,1790370554,52.3623,23.1315,12192.0,False,236.88,250.86,0.0,,12397.74,6236,False,0,2026-09-25 21:09:41.923859
8016be,IGO1326 ,India,1790370217,1790370285,54.9439,21.8563,10668.0,False,249.06,103.38,0.0,,11369.04,2125,False,0,2026-09-25 21:09:41.923859
8003f2,AXB498  ,India,1790370565,1790370565,53.0335,24.8639,8839.2,False,245.59,105.06,0.0,,9380.22,2147,False,0,2026-09-25 21:09:41.923859
89618a,UAE98P  ,United Arab Emirates,1790370566,1790370566,51.788,26.5519,12496.8,False,270.61,109.78,0.0,,13213.08,7303,False,0,2026-09-25 21:09:41.923859
7020ab,UBG334  ,Bangladesh,1790370566,1790370566,54.6855,24.9378,9311.64,False,255.57,78.03,3.9,,9875.52,2154,False,0,2026-09-25 21:09:41.923859
4bb1c3,THY735  ,Turkey,1790370566,1790370566,53.8174,24.9845,10820.4,False,219.6,301.49,4.23,,11468.1,4033,False,0,2026-09-25 21:09:41.923859
728844,HYA1915 ,Iraq,1790370565,1790370566,54.537,25.3374,5814.06,False,196.85,276.75,10.08,,6141.72,1721,False,0,2026-09-25 21:09:41.923859
8963f9,ETD858  ,United Arab Emirates,1790370565,1790370565,50.6979,26.7724,11285.22,False,249.88,145.23,-0.33,,11986.26,2412,False,0,2026-09-25 21:09:41.923859
4bb14c,THY6154 ,Turkey,1790370565,1790370565,50.5493,27.1473,10668.0,False,267.62,127.27,0.0,,11300.46,5174,False,0,2026-09-25 21:09:41.923859
ae683b,,United States,1790370544,1790370563,52.5381,23.6223,9144.0,False,192.62,2.76,0.0,,9738.36,4717,False,0,2026-09-25 21:09:41.923859
a98abd,UNIDENT ,United States,1790370566,1790370566,51.0654,26.1618,4267.2,False,49.05,94.81,-0.33,,4495.8,4677,False,0,2026-09-25 21:09:41.923859
896585,ADY424  ,United Arab Emirates,1790370561,1790370565,50.0715,27.3144,9136.38,False,217.46,295.35,-0.33,,9715.5,1740,False,0,2026-09-25 21:09:41.923859
08002b,ATC203  ,United Republic of Tanzania,1790370390,1790370394,37.5196,-2.7305,7620.0,False,168.24,158.85,0.0,,8145.78,,False,0,2026-09-25 21:09:41.923859
894097,GFA7158 ,Bahrain,1790370566,1790370566,54.662,25.6301,9570.72,False,280.35,107.4,2.28,,10180.32,4434,False,0,2026-09-25 21:09:41.923859
894094,GFA287  ,Bahrain,1790370562,1790370564,50.7123,26.2254,449.58,False,68.5,302.74,-2.93,,388.62,4763,False,0,2026-09-25 21:09:41.923859
760a08,SIF720  ,Pakistan,1790370540,1790370566,54.1316,21.8909,10972.8,False,229.93,258.51,0.0,,11673.84,,False,0,2026-09-25 21:09:41.923859
06a2e8,QTR2G   ,Qatar,1790370566,1790370566,51.7126,25.0602,853.44,False,93.52,338.37,-1.95,,830.58,4576,False,0,2026-09-25 21:09:41.923859
06a2f9,QTR340  ,Qatar,1790370565,1790370566,51.5074,25.1672,2202.18,False,129.06,158.24,-8.13,,2316.48,7221,False,0,2026-09-25 21:09:41.923859
06a2b0,QTR41A  ,Qatar,1790370565,1790370566,51.729,25.32,1592.58,False,133.17,237.78,0.33,,1645.92,1627,False,0,2026-09-25 21:09:41.923859
040260,ETH858  ,Ethiopia,1790370566,1790370566,28.5937,-24.9809,7764.78,False,234.9,15.5,5.85,,8260.08,,False,0,2026-09-25 21:09:41.923859
4408fd,TAY400  ,Austria,1790370565,1790370565,53.0584,23.4595,9144.0,False,254.73,239.81,-0.33,,9685.02,0532,False,0,2026-09-25 21:09:41.923859
06a089,QTR54V  ,Qatar,1790370345,1790370403,51.6411,25.223,60.96,False,76.42,338.27,-4.23,,152.4,6623,False,0,2026-09-25 21:09:41.923859
06a094,QTR1059 ,Qatar,1790370564,1790370566,52.578,25.2023,4526.28,False,188.63,236.01,-5.53,,4815.84,3403,False,0,2026-09-25 21:09:41.923859
06a09c,QTR254  ,Qatar,1790370563,1790370565,51.4422,25.3161,3413.76,False,132.98,158.2,-5.53,,3634.74,7220,False,0,2026-09-25 21:09:41.923859
06a09a,QTR16Y  ,Qatar,1790370565,1790370566,51.6637,25.1228,822.96,False,89.32,338.01,-4.55,,815.34,7267,False,0,2026-09-25 21:09:41.923859
06a1de,QQE214  ,Qatar,1790370562,1790370562,50.2012,27.4243,9448.8,False,266.4,136.72,-0.33,,10035.54,2374,False,0,2026-09-25 21:09:41.923859
06a1ec,QTR8278 ,Qatar,1790370566,1790370566,51.8079,25.5,3474.72,False,145.43,172.07,-10.08,,3703.32,6032,False,0,2026-09-25 21:09:41.923859
06a117,QTR1193 ,Qatar,1790370566,1790370566,51.6624,25.1745,548.64,False,78.72,338.13,-3.58,,495.3,5224,False,0,2026-09-25 21:09:41.923859
06a113,QTR74X  ,Qatar,1790370320,1790370464,51.6007,25.2661,,True,55.89,338.39,-0.65,,,5202,False,0,2026-09-25 21:09:41.923859
06a146,QTR004  ,Qatar,1790370565,1790370565,51.6156,25.2321,220.98,False,73.18,338.12,-3.58,,152.4,4547,False,0,2026-09-25 21:09:41.923859
06a147,QTR65H  ,Qatar,1790370565,1790370565,51.7706,24.9911,1104.9,False,98.48,302.2,-0.98,,1104.9,4206,False,0,2026-09-25 21:09:41.923859
06a140,QTR30G  ,Qatar,1790370069,1790370565,51.4614,23.2777,7627.62,False,247.98,359.41,0.0,,11338.56,3350,False,0,2026-09-25 21:09:41.923859
09011f,,Angola,1790370488,1790370488,12.3227,-6.2495,5173.98,False,142.46,155.01,2.6,,5547.36,,False,0,2026-09-25 21:09:41.923859
090149,DTA511  ,Angola,1790370490,1790370490,13.4623,-8.5767,2994.66,False,142.29,136.61,-4.88,,3223.26,,False,0,2026-09-25 21:09:41.923859
80158b,AXB262  ,India,1790370565,1790370565,54.7549,24.468,2971.8,False,150.97,118.05,14.63,,3116.58,3447,False,0,2026-09-25 21:09:41.923859
06a106,QTR58A  ,Qatar,1790370561,1790370564,49.8407,27.6396,10058.4,False,262.51,121.95,0.0,,10675.62,6017,False,0,2026-09-25 21:09:41.923859
06a0a9,QTR8W   ,Qatar,1790370566,1790370566,51.0154,26.4926,7284.72,False,249.84,140.18,-14.96,,7757.16,7266,False,0,2026-09-25 21:09:41.923859
06a0a7,QTR1182 ,Qatar,1790370544,1790370550,48.6072,27.3485,9144.0,False,231.24,254.91,-0.33,,9730.74,2143,False,0,2026-09-25 21:09:41.923859
06a0b9,QTR73Q  ,Qatar,1790370565,1790370566,51.8147,25.0471,1676.4,False,122.4,156.99,-3.25,,1737.36,4015,False,0,2026-09-25 21:09:41.923859
06a0ab,QTR99L  ,Qatar,1790370565,1790370565,51.4992,24.9753,4351.02,False,221.42,331.71,-13.33,,4625.34,3371,False,0,2026-09-25 21:09:41.923859
06a0bb,QTR847  ,Qatar,1790370376,1790370561,51.6669,25.1642,91.44,False,79.67,338.4,-4.55,,563.88,3371,False,0,2026-09-25 21:09:41.923859
7582f5,PAL684  ,Philippines,1790370473,1790370565,52.138,22.4351,11582.4,False,243.21,341.76,0.0,,12329.16,4025,False,0,2026-09-25 21:09:41.923859
710417,SVA598  ,Saudi Arabia,1790370561,1790370566,50.487,23.1423,10066.02,False,258.12,99.41,-0.33,,10721.34,4540,False,0,2026-09-25 21:09:41.923859
760916,PIA747  ,Pakistan,1790370566,1790370566,50.7214,22.5161,11582.4,False,234.29,274.53,0.0,,12336.78,4032,False,0,2026-09-25 21:09:41.923859
48455f,KLM174  ,Kingdom of the Netherlands,1790370565,1790370565,37.0024,-1.0029,4267.2,False,170.82,341.02,11.38,,4511.04,,False,0,2026-09-25 21:09:41.923859
7609f0,FJL711  ,Pakistan,1790370565,1790370566,54.4252,25.6818,11277.6,False,262.0,107.01,-0.33,,11963.4,3107,False,0,2026-09-25 21:09:41.923859
7609f1,FJL781  ,Pakistan,1790370566,1790370566,54.0044,25.7967,10668.0,False,265.3,106.68,0.0,,11323.32,4263,False,0,2026-09-25 21:09:41.923859
706074,KAC383  ,Kuwait,1790370566,1790370566,50.8943,27.0438,9448.8,False,245.21,134.15,0.33,,10043.16,1463,False,0,2026-09-25 21:09:41.923859
706078,KAC676  ,Kuwait,1790370565,1790370566,49.8313,27.6384,9753.6,False,221.67,308.97,0.33,,10355.58,6222,False,0,2026-09-25 21:09:41.923859
4243fa,AZG9803 ,United Kingdom,1790370566,1790370566,54.9752,25.0573,3124.2,False,155.89,190.46,9.43,,3291.84,6227,False,0,2026-09-25 21:09:41.923859
aacacb,NCR8822 ,United States,1790370563,1790370563,54.9789,24.1921,1691.64,False,139.45,310.21,-5.85,,1790.7,3551,False,0,2026-09-25 21:09:41.923859
8940cc,DHX518  ,Bahrain,1790370566,1790370566,51.8149,26.2451,5501.64,False,200.74,306.66,-13.33,,5844.54,4071,False,0,2026-09-25 21:09:41.923859
761047,CP101   ,Pakistan,1790370562,1790370562,53.8455,22.6019,12496.8,False,255.95,95.77,0.0,,13274.04,7020,False,0,2026-09-25 21:09:41.923859
8940a3,GFA567  ,Bahrain,1790370565,1790370565,53.8123,25.193,9745.98,False,212.83,301.96,0.0,,10355.58,4005,False,0,2026-09-25 21:09:41.923859
8940a1,GFA122  ,Bahrain,1790370565,1790370566,50.6668,26.3778,1196.34,False,130.05,78.82,5.2,,1188.72,4476,False,0,2026-09-25 21:09:41.923859
8940a0,GFA165  ,Bahrain,1790370565,1790370566,54.0288,24.7771,11285.22,False,264.39,115.47,2.28,,11986.26,2215,False,0,2026-09-25 21:09:41.923859
8966a6,ETD560  ,United Arab Emirates,1790370565,1790370565,50.9256,26.4044,10660.38,False,257.26,141.25,0.0,,11338.56,4273,False,0,2026-09-25 21:09:41.923859
717c83,SVA592  ,Saudi Arabia,1790370504,1790370530,49.0683,23.392,10058.4,False,247.82,125.54,0.33,,10721.34,4265,False,0,2026-09-25 21:09:41.923859
010242,MSR921  ,Egypt,1790370562,1790370565,49.0592,27.5196,7322.82,False,236.16,232.26,0.0,,7802.88,2223,False,0,2026-09-25 21:09:41.923859
485b45,,Kingdom of the Netherlands,1790370514,1790370514,39.4891,-1.236,10355.58,False,261.5,2.03,-0.33,,,,False,0,2026-09-25 21:09:41.923859
8a0a6a,GIA7850 ,Indonesia,1790370562,1790370566,50.3972,22.7477,10668.0,False,267.36,101.09,0.0,,11353.8,4564,False,0,2026-09-25 21:09:41.923859
a86e5c,CONGO3A ,United States,1790370566,1790370566,10.6915,2.5165,9715.5,False,215.56,126.46,3.9,,10431.78,,False,0,2026-09-25 21:09:41.923859
761488,ABQ474  ,Pakistan,1790370566,1790370566,49.6384,22.5926,10370.82,False,225.41,274.19,0.0,,11056.62,3522,False,0,2026-09-25 21:09:41.923859
710000,,Saudi Arabia,1790370536,1790370556,48.8294,23.3623,10668.0,False,282.23,92.72,-0.33,,11376.66,,False,0,2026-09-25 21:09:41.923859
710054,SVA862  ,Saudi Arabia,1790370565,1790370565,53.3004,22.7235,10058.4,False,276.25,97.81,0.0,,10706.1,4234,False,0,2026-09-25 21:09:41.923859
711462,FAD665  ,Saudi Arabia,1790370565,1790370565,50.6998,22.9638,10066.02,False,253.9,95.81,0.33,,10728.96,4501,False,0,2026-09-25 21:09:41.923859
034044,CRC206  ,Cameroon,1790370565,1790370565,11.0064,3.7676,4831.08,False,216.89,277.5,5.2,,,,False,0,2026-09-25 21:09:41.923859
8015f7,AIC101  ,India,1790370595,1790370595,51.7379,26.2831,11582.4,False,230.3,296.39,0.0,,12275.82,4730,False,0,2026-09-25 21:10:06.606608
8960ee,UAE752  ,United Arab Emirates,1790370595,1790370595,53.2281,26.0328,8831.58,False,253.16,112.08,-7.48,,9410.7,3735,False,0,2026-09-25 21:10:06.606608
8960fa,UAE801  ,United Arab Emirates,1790370554,1790370568,52.3623,23.1315,12192.0,False,236.88,250.86,0.0,,12397.74,6236,False,0,2026-09-25 21:10:06.606608
8016be,IGO1326 ,India,1790370217,1790370285,54.9439,21.8563,10668.0,False,249.06,103.38,0.0,,11369.04,2125,False,0,2026-09-25 21:10:06.606608
8003f2,AXB498  ,India,1790370594,1790370595,53.1011,24.8473,8907.78,False,246.72,105.11,8.45,,9448.8,2147,False,0,2026-09-25 21:10:06.606608
89618a,UAE98P  ,United Arab Emirates,1790370595,1790370595,51.8606,26.5283,12496.8,False,270.79,109.88,0.0,,13213.08,7303,False,0,2026-09-25 21:10:06.606608
7020ab,UBG334  ,Bangladesh,1790370594,1790370595,54.7567,24.9514,9433.56,False,256.98,78.22,4.55,,10005.06,2154,False,0,2026-09-25 21:10:06.606608
4bb1c3,THY735  ,Turkey,1790370594,1790370595,53.7671,25.0159,10919.46,False,219.98,307.11,2.93,,11582.4,4033,False,0,2026-09-25 21:10:06.606608
728844,HYA1915 ,Iraq,1790370594,1790370595,54.4816,25.3479,6096.0,False,195.67,286.34,9.43,,6446.52,1721,False,0,2026-09-25 21:10:06.606608
8963f9,ETD858  ,United Arab Emirates,1790370592,1790370594,50.7369,26.7219,11277.6,False,249.59,145.33,-0.33,,11978.64,2412,False,0,2026-09-25 21:10:06.606608
4bb14c,THY6154 ,Turkey,1790370594,1790370595,50.61,27.106,10668.0,False,267.93,127.35,0.0,,11308.08,5174,False,0,2026-09-25 21:10:06.606608
ae683b,,United States,1790370591,1790370593,52.5426,23.7045,9144.0,False,192.62,2.76,-0.33,,9730.74,4717,False,0,2026-09-25 21:10:06.606608
a98abd,UNIDENT ,United States,1790370595,1790370595,51.0787,26.1582,4259.58,False,49.24,116.03,0.33,,4495.8,4677,False,0,2026-09-25 21:10:06.606608
896585,ADY424  ,United Arab Emirates,1790370592,1790370594,50.0107,27.3399,9144.0,False,217.0,295.41,-0.33,,9715.5,1740,False,0,2026-09-25 21:10:06.606608
08002b,ATC203  ,United Republic of Tanzania,1790370390,1790370394,37.5196,-2.7305,7620.0,False,168.24,158.85,0.0,,8145.78,,False,0,2026-09-25 21:10:06.606608
894097,GFA7158 ,Bahrain,1790370595,1790370595,54.7395,25.608,9669.78,False,281.33,107.34,3.9,,10279.38,4434,False,0,2026-09-25 21:10:06.606608
894094,GFA287  ,Bahrain,1790370581,1790370587,50.7016,26.2316,388.62,False,68.93,302.5,-3.25,,320.04,4763,False,0,2026-09-25 21:10:06.606608
760a08,SIF720  ,Pakistan,1790370581,1790370581,54.0413,21.8737,10972.8,False,229.93,258.51,0.0,,11673.84,,False,0,2026-09-25 21:10:06.606608
06a2e8,QTR2G   ,Qatar,1790370595,1790370595,51.7027,25.0829,822.96,False,91.9,338.32,0.0,,800.1,4576,False,0,2026-09-25 21:10:06.606608
06a2f9,QTR340  ,Qatar,1790370595,1790370595,51.5214,25.1353,2034.54,False,130.88,158.07,-6.5,,2133.6,7221,False,0,2026-09-25 21:10:06.606608
06a2b0,QTR41A  ,Qatar,1790370595,1790370595,51.7135,25.2893,1600.2,False,127.79,183.23,-0.65,,1653.54,1627,False,0,2026-09-25 21:10:06.606608
040260,ETH858  ,Ethiopia,1790370595,1790370595,28.6119,-24.9212,7970.52,False,236.52,15.52,8.45,,8473.44,,False,0,2026-09-25 21:10:06.606608
4408fd,TAY400  ,Austria,1790370591,1790370594,53.0016,23.4291,9144.0,False,254.03,239.85,0.0,,9685.02,0532,False,0,2026-09-25 21:10:06.606608
06a089,QTR54V  ,Qatar,1790370345,1790370403,51.6411,25.223,60.96,False,76.42,338.27,-4.23,,152.4,6623,False,0,2026-09-25 21:10:06.606608
06a094,QTR1059 ,Qatar,1790370581,1790370595,52.5532,25.1872,4274.82,False,186.06,236.05,-9.75,,4701.54,3403,False,0,2026-09-25 21:10:06.606608
06a09c,QTR254  ,Qatar,1790370594,1790370594,51.4573,25.2822,3208.02,False,129.73,158.11,-8.45,,3413.76,7220,False,0,2026-09-25 21:10:06.606608
06a09a,QTR16Y  ,Qatar,1790370595,1790370595,51.6547,25.1434,723.9,False,78.72,338.13,-1.95,,693.42,7267,False,0,2026-09-25 21:10:06.606608
06a1de,QQE214  ,Qatar,1790370593,1790370594,50.2514,27.3657,9448.8,False,265.82,144.37,0.33,,10035.54,2374,False,0,2026-09-25 21:10:06.606608
06a1ec,QTR8278 ,Qatar,1790370595,1790370595,51.7971,25.4643,3147.06,False,143.71,209.13,-10.4,,3337.56,6032,False,0,2026-09-25 21:10:06.606608
06a117,QTR1193 ,Qatar,1790370595,1790370595,51.6541,25.1936,441.96,False,78.72,338.13,-3.58,,381.0,5224,False,0,2026-09-25 21:10:06.606608
06a113,QTR74X  ,Qatar,1790370320,1790370464,51.6007,25.2661,,True,55.89,338.39,-0.65,,,5202,False,0,2026-09-25 21:10:06.606608
06a146,QTR004  ,Qatar,1790370565,1790370592,51.6156,25.2321,129.54,False,72.51,338.35,-3.25,,99.06,4547,False,0,2026-09-25 21:10:06.606608
06a147,QTR65H  ,Qatar,1790370590,1790370594,51.752,25.0048,1066.8,False,97.04,310.7,-1.63,,1104.9,4206,False,0,2026-09-25 21:10:06.606608
06a140,QTR30G  ,Qatar,1790370069,1790370595,51.4614,23.2777,7162.8,False,247.98,359.41,0.0,,11338.56,3350,False,0,2026-09-25 21:10:06.606608
09011f,,Angola,1790370488,1790370488,12.3227,-6.2495,5173.98,False,142.46,155.01,2.6,,5547.36,,False,0,2026-09-25 21:10:06.606608
090149,DTA511  ,Angola,1790370490,1790370490,13.4623,-8.5767,2994.66,False,142.29,136.61,-4.88,,3223.26,,False,0,2026-09-25 21:10:06.606608
80158b,AXB262  ,India,1790370594,1790370594,54.7928,24.4497,3261.36,False,157.42,118.07,4.55,,3429.0,3447,False,0,2026-09-25 21:10:06.606608
06a106,QTR58A  ,Qatar,1790370579,1790370595,49.8814,27.6169,10058.4,False,262.08,122.01,0.0,,10675.62,6017,False,0,2026-09-25 21:10:06.606608
06a0a9,QTR8W   ,Qatar,1790370595,1790370595,51.0618,26.4424,6926.58,False,245.82,140.18,-13.0,,7376.16,7266,False,0,2026-09-25 21:10:06.606608
06a0a7,QTR1182 ,Qatar,1790370544,1790370577,48.6072,27.3485,9144.0,False,231.24,254.91,-0.33,,9730.74,2143,False,0,2026-09-25 21:10:06.606608
06a0b9,QTR73Q  ,Qatar,1790370593,1790370595,51.8279,25.0188,1600.2,False,122.2,157.21,-2.93,,1653.54,4015,False,0,2026-09-25 21:10:06.606608
06a0ab,QTR99L  ,Qatar,1790370594,1790370594,51.473,25.0266,4008.12,False,215.96,336.86,-11.7,,4251.96,3371,False,0,2026-09-25 21:10:06.606608
06a0bb,QTR847  ,Qatar,1790370376,1790370586,51.6669,25.1642,1623.06,False,79.67,338.4,-4.55,,563.88,3371,False,0,2026-09-25 21:10:06.606608
7582f5,PAL684  ,Philippines,1790370570,1790370594,52.0312,22.6146,11582.4,False,243.37,341.64,-0.33,,12329.16,4025,False,0,2026-09-25 21:10:06.606608
710417,SVA598  ,Saudi Arabia,1790370592,1790370593,50.5635,23.1306,10058.4,False,258.63,99.39,0.0,,10713.72,4540,False,0,2026-09-25 21:10:06.606608
760916,PIA747  ,Pakistan,1790370594,1790370595,50.657,22.5209,11582.4,False,234.29,274.53,0.0,,12336.78,4032,False,0,2026-09-25 21:10:06.606608
48455f,KLM174  ,Kingdom of the Netherlands,1790370586,1790370586,36.9916,-0.9709,4488.18,False,173.09,341.46,12.35,,4724.4,,False,0,2026-09-25 21:10:06.606608
7609f0,FJL711  ,Pakistan,1790370595,1790370595,54.4985,25.6615,11277.6,False,261.85,106.9,0.0,,11963.4,3107,False,0,2026-09-25 21:10:06.606608
7609f1,FJL781  ,Pakistan,1790370594,1790370594,54.0763,25.7772,10668.0,False,265.44,106.78,0.0,,11323.32,4263,False,0,2026-09-25 21:10:06.606608
706074,KAC383  ,Kuwait,1790370595,1790370595,50.9486,27.0014,9456.42,False,245.77,128.29,0.33,,10050.78,1463,False,0,2026-09-25 21:10:06.606608
706078,KAC676  ,Kuwait,1790370594,1790370595,49.7812,27.6745,9761.22,False,221.67,308.97,-0.33,,10363.2,6222,False,0,2026-09-25 21:10:06.606608
4243fa,AZG9803 ,United Kingdom,1790370595,1790370595,54.9663,25.0174,3360.42,False,160.22,190.73,3.9,,3543.3,6227,False,0,2026-09-25 21:10:06.606608
aacacb,NCR8822 ,United States,1790370587,1790370587,54.9539,24.2115,1554.48,False,138.72,310.19,-5.85,,1623.06,3551,False,0,2026-09-25 21:10:06.606608
8940cc,DHX518  ,Bahrain,1790370594,1790370595,51.7662,26.2706,5151.12,False,199.25,296.04,-9.75,,5448.3,4071,False,0,2026-09-25 21:10:06.606608
761047,CP101   ,Pakistan,1790370562,1790370562,53.8455,22.6019,12496.8,False,255.95,95.77,0.0,,13274.04,7020,False,0,2026-09-25 21:10:06.606608
8940a3,GFA567  ,Bahrain,1790370594,1790370594,53.7601,25.2223,9753.6,False,212.27,300.92,0.0,,10363.2,4005,False,0,2026-09-25 21:10:06.606608
8940a1,GFA122  ,Bahrain,1790370594,1790370595,50.7053,26.3857,1356.36,False,143.03,74.56,9.1,,1333.5,4476,False,0,2026-09-25 21:10:06.606608
8940a0,GFA165  ,Bahrain,1790370595,1790370595,54.0979,24.7471,11361.42,False,265.54,115.47,2.28,,12070.08,2215,False,0,2026-09-25 21:10:06.606608
8966a6,ETD560  ,United Arab Emirates,1790370594,1790370594,50.9727,26.3514,10660.38,False,257.26,141.25,0.0,,11338.56,4273,False,0,2026-09-25 21:10:06.606608
717c83,SVA592  ,Saudi Arabia,1790370504,1790370590,49.0683,23.392,10058.4,False,247.82,125.54,0.33,,10721.34,4265,False,0,2026-09-25 21:10:06.606608
010242,MSR921  ,Egypt,1790370566,1790370586,49.0518,27.5145,7322.82,False,236.16,232.26,0.0,,7802.88,2223,False,0,2026-09-25 21:10:06.606608
485b45,,Kingdom of the Netherlands,1790370514,1790370514,39.4891,-1.236,10355.58,False,261.5,2.03,-0.33,,,,False,0,2026-09-25 21:10:06.606608
8a0a6a,GIA7850 ,Indonesia,1790370595,1790370595,50.4794,22.7328,10668.0,False,267.36,101.09,0.0,,11353.8,4564,False,0,2026-09-25 21:10:06.606608
a86e5c,CONGO3A ,United States,1790370595,1790370595,10.7334,2.4783,9845.04,False,218.69,136.43,4.23,,10568.94,,False,0,2026-09-25 21:10:06.606608
761488,ABQ474  ,Pakistan,1790370593,1790370595,49.5796,22.5965,10370.82,False,225.89,274.05,0.0,,11056.62,3522,False,0,2026-09-25 21:10:06.606608
710000,,Saudi Arabia,1790370536,1790370594,48.8294,23.3623,10660.38,False,282.23,92.72,-0.33,,11376.66,,False,0,2026-09-25 21:10:06.606608
710054,SVA862  ,Saudi Arabia,1790370582,1790370590,53.3454,22.7178,10058.4,False,276.76,97.8,0.0,,10706.1,4234,False,0,2026-09-25 21:10:06.606608
711462,FAD665  ,Saudi Arabia,1790370594,1790370594,50.7714,22.9569,10073.64,False,255.54,96.01,0.0,,10736.58,4501,False,0,2026-09-25 21:10:06.606608
034044,CRC206  ,Cameroon,1790370594,1790370594,10.9501,3.775,4876.8,False,217.91,277.46,0.0,,,,False,0,2026-09-25 21:10:06.606608
